,timestamp,btc_prices,btc_market_cap,btc_volumes,eth_prices,eth_market_cap,eth_volumes,sol_prices,sol_market_cap,sol_volumes,btc_open,btc_high,btc_low,btc_close,eth_open,eth_high,eth_low,eth_close,sol_open,sol_high,sol_low,sol_close
0,1750464000000,103290.105,2054120245608.2085,30632751225.407444,2405.695,290401843920.2328,20482816663.29469,140.04,74352627907.47485,4927733598.47951,106842.0,107644.0,102624.0,103290.0,2548.1,2613.23,2389.71,2405.7,150.92,154.02,136.98,140.04
1,1750809600000,105976.069,2107110352429.8032,31704641076.941063,2446.539,295402538889.65454,19669025068.963604,145.802,77418435219.14531,4365577695.258674,103292.0,106129.0,98467.0,105976.0,2406.19,2473.84,2134.88,2446.54,140.06,146.4,127.01,145.8
2,1751155200000,107331.585,2134239999929.6584,8960877693.57604,2437.133,294208600645.2538,5787313890.541637,150.781,80534347465.08652,3480663753.86231,106036.0,108116.0,105985.0,107332.0,2447.33,2510.28,2391.69,2437.13,145.92,152.15,137.98,150.78
3,1751500800000,108824.444,2163835371770.0977,36395184773.06136,2574.068,310930535640.4307,21862573614.17975,152.168,81356182087.82619,4586707670.749116,107333.0,109608.0,105402.0,108824.0,2436.76,2606.08,2393.31,2574.07,150.79,158.34,145.46,152.17
4,1751846400000,109215.198,2171497503296.0474,14638669497.351297,2571.358,310345645222.7514,9051659015.949968,151.921,81209567201.79767,3555730137.1277676,108876.0,110386.0,107386.0,109215.0,2572.33,2630.57,2478.63,2571.36,152.29,156.04,145.55,151.92
5,1752192000000,115879.65,2303292356999.7437,56204086624.04028,2948.446,355346738000.49475,39308824585.23128,163.858,87651094464.58328,10873010259.89518,109222.0,116462.0,107591.0,115880.0,2570.82,2979.89,2521.06,2948.45,151.92,164.76,147.99,163.86
6,1752537600000,119833.674,2383825813673.847,68915956378.80447,3012.18,363606274489.50854,41336421998.04408,162.282,87012722669.01315,14500503326.7985,115961.0,122838.0,115548.0,119834.0,2948.78,3074.13,2908.75,3012.18,163.75,168.18,158.26,162.28
7,1752883200000,117988.947,2347165317624.536,58896449260.69391,3547.317,427841866746.5711,72535524453.98022,177.37,95389053896.84322,18801332820.737236,119849.0,120689.0,116094.0,117989.0,3013.07,3669.85,2942.21,3547.32,162.28,184.13,157.97,177.37
8,1753228800000,119955.796,2387516761560.4927,58939000420.94166,3746.941,452355960897.77356,52357062545.19388,205.291,110388822982.47327,33288976911.758366,118003.0,120222.0,116779.0,119956.0,3548.42,3848.92,3523.94,3746.94,177.35,205.29,174.64,205.29
9,1753574400000,117959.542,2346959472845.027,25145925063.881348,3742.431,451746443518.379,25352434514.72998,184.94,99537260340.7252,6066268600.664028,119959.0,119959.0,115086.0,117960.0,3745.23,3773.65,3530.3,3742.43,205.19,205.19,176.94,184.94
10,1753920000000,117833.241,2343717963709.7124,43054424656.58649,3807.417,459449027043.4022,28710848449.745983,177.878,95607702499.41104,6340104641.556541,117906.0,119754.0,116079.0,117833.0,3739.71,3936.94,3708.13,3807.42,184.83,194.21,173.22,177.88
11,1754265600000,114199.11,2272802075267.0376,24689273719.085533,3497.573,422223994717.4719,18338718249.174084,161.903,87127911992.51938,3799213534.622081,117828.0,118865.0,112113.0,114199.0,3807.38,3874.37,3373.55,3497.57,177.81,182.53,156.11,161.9
12,1754611200000,117463.475,2337732858703.5435,38289687095.00489,3911.261,471838906504.6792,31981627910.70641,175.385,94555506562.20601,4922490352.0849,114235.0,117596.0,112770.0,117463.0,3497.79,3917.17,3495.1,3911.26,161.85,175.39,161.45,175.39
13,1754956800000,118773.8,2364060561672.9995,61739781527.95854,4228.824,510225780028.6237,43010572110.88258,175.045,94446838456.51955,7218575660.657902,117483.0,122227.0,115979.0,118774.0,3907.6,4347.28,3884.64,4228.82,175.25,186.35,173.9,175.05
14,1755302400000,117339.792,2335290383260.173,44268714220.021,4430.532,534578587192.13434,50038927770.639565,185.6,100133112662.54547,8453295249.345534,118727.0,124128.0,116956.0,117340.0,4226.51,4779.0,4226.51,4430.53,174.96,209.18,174.04,185.6
15,1755648000000,112778.345,2245419916215.7417,46156885037.403885,4074.496,491872355111.46844,41626342123.38552,176.4,95269629007.20668,6012864665.830554,117397.0,118514.0,112778.0,112778.0,4437.62,4563.72,4074.5,4074.5,185.7,195.1,176.13,176.4
16,1755993600000,115359.983,2296786080139.701,27306719885.257973,4773.884,576242312916.0488,27814037595.094646,204.019,110265793443.07309,7707066769.148663,112896.0,117310.0,111764.0,115360.0,4080.65,4877.09,4074.75,4773.88,176.28,207.58,176.28,204.02
17,1756339200000,111216.085,2215255294289.9937,36957904262.995804,4500.145,543608856125.4653,35898825608.295586,203.293,109858006061.39355,12654160502.675875,115333.0,115549.0,109214.0,111216.0,4782.43,4946.05,4341.54,4500.15,204.27,212.69,186.21,203.29
18,1756684800000,108253.361,2155694976689.5986,26140904019.246822,4388.931,529740073153.04834,22269795530.723904,200.901,108641493698.23297,5119565154.109434,111241.0,113329.0,107682.0,108253.0,4503.25,4625.35,4279.96,4388.93,202.93,217.66,198.1,200.9
19,1757030400000,110724.736,2204051936301.3257,38708366685.43147,4298.095,519319443328.1493,29893273380.076374,202.686,109721137208.39746,5057527125.787553,108226.0,112502.0,107295.0,110725.0,4385.61,4486.12,4238.45,4298.09,200.23,212.41,194.5,202.69
20,1757376000000,112025.129,2231763512226.867,37159847899.8603,4309.686,519912892077.1541,26393884729.75394,214.09,116026061901.42412,9970745423.357145,110752.0,113225.0,110032.0,112025.0,4302.63,4467.61,4250.48,4309.69,202.49,216.73,199.69,214.09
21,1757721600000,116160.143,2314347371939.946,51192951485.864395,4708.842,567724477218.3574,39138140052.58744,242.258,131451215438.38591,13331440399.44534,112080.0,116705.0,110822.0,116160.0,4307.14,4721.04,4279.58,4708.84,214.33,243.62,211.34,242.26
22,1758067200000,116762.85,2325326932460.9644,39964451595.099724,4504.267,543407922913.00836,28053763147.05997,237.003,128913223473.07257,7606193246.926102,116092.0,116970.0,114509.0,116763.0,4707.47,4762.74,4431.42,4504.27,242.22,248.84,230.63,237.0
23,1758412800000,115715.515,2305371926506.302,18774953731.290394,4481.799,540941822331.27405,14314030981.454111,239.463,130034859270.97707,3643828369.3949914,116797.0,117888.0,114940.0,115716.0,4503.4,4637.85,4440.0,4481.8,236.92,252.78,232.78,239.46
24,1758758400000,113320.569,2257741194218.8286,46677543220.334526,4148.657,500734284408.361,29988924904.58222,211.596,115032433454.73328,8445521212.739207,115723.0,115858.0,111369.0,113321.0,4481.48,4497.46,4100.86,4148.66,239.56,241.69,206.33,211.6
25,1759104000000,112142.574,2235798877396.134,31274654338.51212,4141.84,499628731251.1227,21656522951.624653,210.745,114541266794.95769,4489384967.131298,113317.0,113492.0,108776.0,112143.0,4152.85,4160.04,3833.75,4141.84,211.62,212.22,191.28,210.75
26,1759449600000,120611.719,2399524207991.5527,71252850672.75252,4484.006,540553843152.3364,41104321433.11955,234.617,127362028246.18869,10240423698.713894,112179.0,121044.0,111599.0,120612.0,4139.68,4514.81,4089.64,4484.01,210.75,234.62,204.69,234.62
27,1759795200000,124773.508,2486073086655.2866,69605991064.72382,4689.132,566339901682.9528,41164885082.65789,232.597,126917886067.39793,7565905967.514749,120515.0,126080.0,119514.0,124774.0,4484.18,4734.99,4443.26,4689.13,234.78,237.29,224.69,232.6
28,1760140800000,113201.741,2265659827789.9917,151002213089.8765,3835.633,463578765352.86365,90784076986.425,189.891,104753731395.58649,16979196402.761215,124740.0,125108.0,105896.0,113202.0,4690.84,4753.34,3574.79,3835.63,232.63,234.97,176.73,189.89
29,1760486400000,113156.569,2257545230986.0146,91211854988.91518,4128.888,498801738230.5064,62876294833.97642,202.778,111004502175.88118,13553378827.238491,113044.0,115934.0,109862.0,113157.0,3841.67,4283.09,3664.38,4128.89,188.79,210.8,173.79,202.78
30,1760832000000,107156.003,2135575517405.9185,34412835719.61292,3889.499,469204461222.8663,19845543405.385517,187.559,102547391633.91815,4080705643.636593,113066.0,113527.0,103856.0,107156.0,4126.24,4203.8,3687.73,3889.5,202.58,207.6,175.12,187.56
31,1761177600000,107618.427,2145773248654.6448,83996418125.93103,3801.791,458856134706.02246,41712359613.706055,180.026,98365559775.72266,7331527656.706337,107210.0,113804.0,106222.0,107618.0,3890.02,4106.4,3726.29,3801.79,187.65,197.26,177.75,180.03
32,1761523200000,114476.012,2283691326423.212,42483268634.18711,4161.591,502918445052.51886,25813518444.008472,200.071,110015344814.02438,4807959121.519227,107591.0,114816.0,107581.0,114476.0,3805.88,4172.98,3805.8,4161.59,180.09,200.59,179.97,200.07
33,1761868800000,108240.765,2157803742876.0747,72648897659.94229,3802.295,458793317252.3975,36685058456.47925,184.286,101142410783.16473,8507378052.630039,114419.0,116041.0,106464.0,108241.0,4158.57,4246.23,3687.02,3802.3,200.02,205.03,179.42,184.29
34,1762214400000,106521.087,2123664079961.7026,75068433317.86293,3600.716,434149656995.1001,47914058739.68866,165.927,91638592574.92229,9778486257.676378,108409.0,111130.0,105540.0,106521.0,3801.55,3911.96,3572.5,3600.72,184.5,189.61,164.02,165.93
35,1762560000000,103396.084,2063021740892.1375,93627003785.31018,3434.351,414691375367.5941,38972602140.84989,161.878,89680212829.84552,6640253853.035683,106452.0,107189.0,99076.0,103396.0,3600.36,3649.01,3097.71,3434.35,165.89,168.17,147.97,161.88
36,1762905600000,102960.776,2053215927640.825,71008299178.73956,3416.781,411969837331.5966,36501187500.23736,154.346,85546876438.37358,6119928731.138143,103192.0,107357.0,101490.0,102961.0,3426.4,3647.92,3360.28,3416.78,161.69,171.62,154.35,154.35
37,1763251200000,95508.31,1905234340631.9912,39062120798.23745,3170.113,382460593691.1359,19159039393.797318,139.591,77375030096.27234,3515375946.078547,103112.0,105257.0,94138.0,95508.0,3416.07,3583.32,3078.56,3170.11,154.66,160.79,136.26,139.59
38,1763596800000,91363.278,1820062799702.324,82897875507.45229,3017.748,363582387251.9456,39173261740.03148,136.435,75584893191.21877,6188944241.966924,95380.0,96528.0,88540.0,91363.0,3169.7,3241.23,2872.51,3017.75,139.27,143.06,129.33,136.43
39,1763942400000,86783.848,1732233225777.4016,60446592409.29218,2799.815,338053142179.2997,20170660685.078762,130.849,73167233648.17833,3991552010.3336043,91408.0,92944.0,81051.0,86784.0,3020.94,3051.09,2632.87,2799.81,136.72,144.3,122.66,130.85
40,1764288000000,91279.061,1821778517479.9226,59295194347.668594,3015.612,364039549664.8285,16563145331.437607,140.83,78777617550.5348,3819216595.133187,86740.0,91850.0,85546.0,91279.0,2798.91,3066.28,2770.21,3015.61,130.58,144.38,128.65,140.83
41,1764633600000,86281.495,1723547230444.7913,92988982967.24597,2799.037,338070271128.47876,37491168510.09445,126.747,70966196633.84346,6851062003.639887,91324.0,92849.0,83989.0,86281.0,3014.82,3090.81,2724.95,2799.04,140.85,143.08,123.52,126.75
42,1764979200000,89307.092,1782798987370.1692,50193142876.74388,3022.656,365052689720.72375,27606937714.571938,133.199,74566520034.03679,4920570364.5913,86304.0,94001.0,86259.0,89307.0,2796.73,3231.79,2785.45,3022.66,126.67,146.14,126.16,133.2
43,1765324800000,92723.214,1852116289106.247,54575121853.64529,3322.469,401258190140.9822,34333058805.569298,138.013,77575668532.51553,6612919737.71527,89264.0,94490.0,87887.0,92723.0,3019.83,3388.4,2941.77,3322.47,133.23,144.43,128.26,138.01
44,1765670400000,90257.429,1801496999571.6902,35222775785.402145,3115.225,375945831930.448,10086309656.917572,133.221,74841360307.62788,2259785741.0493307,92686.0,94177.0,89426.0,90257.0,3318.72,3432.93,3054.43,3115.23,137.89,141.67,129.42,133.22
45,1766016000000,86064.947,1718491930388.8372,48886793507.656334,2827.804,341276921875.79224,26836168118.615532,123.081,69190855101.13805,5991785692.616783,90253.0,90469.0,85374.0,86065.0,3115.27,3171.02,2796.23,2827.8,133.17,134.26,121.76,123.08
46,1766361600000,88577.42,1768920028841.514,22541294542.323105,3001.601,362519624877.1173,11543764853.447407,126.019,70866740448.0251,2593618351.5364947,86197.0,89220.0,84581.0,88577.0,2832.47,3005.37,2781.74,3001.6,123.17,128.57,117.62,126.02
47,1766707200000,87229.781,1741491085115.601,22773603342.32636,2904.252,350482502400.1858,11886240841.229004,120.09,67601569093.48973,2449069367.6865826,88672.0,90353.0,86576.0,87230.0,3004.22,3065.1,2893.8,2904.25,126.02,128.1,120.09,120.09
48,1767052800000,87156.563,1739794323451.9631,53957962807.988785,2934.216,354107974761.1568,28073445244.481457,123.099,69294749014.9203,5206138693.770085,87192.0,90230.0,86674.0,87157.0,2901.68,3049.93,2896.35,2934.22,120.02,129.06,119.72,123.1
49,1767398400000,89926.279,1795890115524.7178,50705395175.73333,3121.901,376770956000.15674,25946903012.673847,132.048,74386824319.36295,4974468671.385098,87155.0,90789.0,86855.0,89926.0,2934.36,3144.27,2920.49,3121.9,123.12,132.89,122.59,132.05
50,1767744000000,93666.864,1870043996457.1855,57439451725.50999,3295.102,397608381234.7261,28511408890.511658,141.102,79507408301.68976,6358691083.473678,89951.0,94634.0,89401.0,93667.0,3124.92,3300.17,3080.89,3295.1,132.18,142.91,130.01,141.1
51,1768089600000,90442.019,1806483854865.5005,13961660357.407768,3082.965,372186920089.48895,5878919562.197727,135.802,76641936890.79468,1741084690.0364935,93647.0,93647.0,89343.0,90442.0,3292.52,3292.52,3058.45,3082.97,141.0,141.0,133.38,135.8
52,1768435200000,97007.781,1938292963237.8118,68433627980.993996,3356.496,405103415124.21326,34009585603.430943,146.708,82880393448.86893,6912090068.388402,90392.0,97705.0,90129.0,97008.0,3081.69,3386.55,3071.03,3356.5,135.72,147.9,135.63,146.71
53,1768780800000,93752.706,1874976961280.7039,23132534225.645782,3284.319,396399594662.77765,14974443677.834782,138.595,78436917528.54514,3109392767.1241255,96934.0,97113.0,93753.0,93753.0,3354.68,3378.86,3258.59,3284.32,146.69,146.69,138.59,138.59
54,1769126400000,89443.397,1787014846080.977,39301750755.698135,2948.278,355853612997.0337,22312421297.363728,128.224,72553217774.92729,3474685432.7283425,93636.0,93636.0,87304.0,89443.0,3281.73,3281.73,2872.06,2948.28,138.05,138.05,125.71,128.22
55,1769472000000,88307.861,1764540020523.9114,50644433646.50017,2927.837,353726198245.0733,31319240379.377583,124.204,70367463149.6183,4633082596.320432,89459.0,90895.0,86126.0,88308.0,2949.66,3005.15,2787.35,2927.84,128.27,129.56,117.75,124.2
56,1769817600000,84141.779,1680807873673.8472,79515463845.849,2702.408,326260413678.2401,41803190280.20533,117.302,66428162827.350426,7242419430.231638,88220.0,90316.0,81315.0,84142.0,2924.81,3036.85,2641.68,2702.41,124.1,127.87,113.12,117.3
57,1770163200000,75638.957,1512165605443.8088,73734215653.24066,2226.986,268883359333.4935,47572474187.92975,97.62,55336080662.992,6137256412.2257185,84122.0,84122.0,73112.0,75639.0,2702.88,2709.04,2117.03,2226.99,117.35,118.54,96.6,97.62
58,1770508800000,69296.807,1385532837702.3442,68978204828.46071,2091.04,252512585445.0919,40809475718.479546,87.672,49749127216.21578,5597873838.47702,75650.0,76749.0,60256.0,69297.0,2229.7,2287.16,1756.73,2091.04,97.68,99.29,70.61,87.67
59,1770854400000,66937.581,1337566230010.1792,54917156057.4172,1939.432,234040160527.6989,23726060466.889244,79.269,45053694679.361496,4300002945.332792,69271.0,71852.0,65932.0,66938.0,2089.39,2140.2,1911.96,1939.43,87.63,88.59,78.35,79.27
60,1771200000000,68716.583,1373546624939.8215,44139541277.476685,1963.957,237059805728.8081,31079407276.992832,85.943,48819352379.51161,4348972609.458301,66994.0,70898.0,65243.0,68717.0,1940.58,2100.05,1902.17,1963.96,79.21,90.96,76.81,85.94
61,1771545600000,66918.684,1338094580095.8176,34180839195.07364,1946.909,235006669215.33435,19134139969.172134,82.329,46788887236.61634,3082347845.3774166,68781.0,69999.0,65734.0,66919.0,1965.16,2030.77,1914.26,1946.91,85.99,87.41,79.82,82.33
62,1771891200000,64577.553,1291178509392.7466,56724400502.91585,1853.696,223731652427.76767,31366211602.76786,77.742,44218639145.17957,5278871884.141234,66957.0,68637.0,63963.0,64578.0,1948.07,1994.42,1845.98,1853.7,82.38,86.6,77.32,77.74
63,1772236800000,65883.991,1317715385672.9202,43031961580.21165,1931.321,233144085915.65958,21664624267.05581,81.975,46589974108.0842,4075158244.6100698,64646.0,69487.0,62803.0,65884.0,1856.09,2121.02,1807.63,1931.32,77.76,90.65,76.1,81.97
64,1772582400000,68321.618,1367228918356.8262,52704039830.20494,1982.458,239664309988.1716,23812766657.95574,87.213,49734923977.29887,5221323004.591456,65879.0,69851.0,63177.0,68322.0,1930.31,2072.0,1841.29,1982.46,81.87,89.58,77.47,87.21
65,1772928000000,67271.191,1345067153653.0642,24588849466.218872,1969.694,237705413185.15485,9708504242.945522,83.179,47465294460.024994,1895012342.4811046,68292.0,73953.0,67038.0,67271.0,1981.4,2192.82,1948.58,1969.69,87.03,93.71,82.51,83.18
66,1773273600000,70226.819,1405229147518.9683,48188681300.73879,2051.731,247646084116.33203,19128555868.09481,86.63,49493902762.530624,3989760200.81788,67268.0,71612.0,65727.0,70227.0,1969.78,2084.64,1922.33,2051.73,83.2,88.54,81.03,86.63
67,1773619200000,72681.913,1453818980888.097,29137209887.5333,2175.06,262512054941.10397,14747913813.60742,92.163,52658214640.90314,3123676485.3457417,70203.0,73839.0,69265.0,72682.0,2052.16,2200.03,2020.71,2175.06,86.57,92.91,84.89,92.16
68,1773964800000,69871.451,1397132369157.6367,46069506172.99344,2137.45,258058898457.4955,24108916783.710667,88.846,50782637128.16761,3564823814.746558,72799.0,75937.0,68934.0,69871.0,2177.72,2377.64,2104.6,2137.45,92.25,97.26,87.28,88.85
69,1774310400000,70892.828,1417921177640.1455,52502731112.03615,2151.498,259554597861.1581,28068766677.710217,91.377,52254718805.19267,5363123768.513683,69912.0,71646.0,67564.0,70893.0,2136.1,2186.9,2030.61,2151.5,88.9,91.96,85.32,91.38
70,1774656000000,66321.016,1326110397917.7085,48874426380.128494,1991.9,240350263112.52786,18794766454.176136,82.964,47482157575.11642,3496297086.4939494,70917.0,71922.0,65587.0,66321.0,2150.13,2196.43,1972.03,1991.9,91.45,93.24,82.14,82.96
71,1775001600000,68231.83,1364706648348.3545,56210727882.161446,2104.877,254040532514.3724,21496491501.1208,83.056,47556772134.1486,4343647275.125765,66328.0,68286.0,65112.0,68232.0,1990.82,2114.72,1947.32,2104.88,82.99,84.69,79.81,83.06
72,1775347200000,67304.25,1346790078680.91,21516550336.856274,2064.994,249240961118.02728,6614766426.338903,80.77,46263886927.84851,1691980981.3604684,68231.0,69136.0,65819.0,67304.0,2103.22,2161.5,2018.64,2064.99,83.09,86.05,76.95,80.77
73,1775692800000,71117.077,1423286125223.942,42583999503.6708,2190.479,264371759670.03903,21125273662.90435,82.598,47378147716.34937,3688303863.5176144,67306.0,72698.0,66634.0,71117.0,2065.52,2265.34,2024.21,2190.48,80.79,86.37,78.48,82.6
74,1776038400000,70756.751,1415861769817.8752,30101377740.873566,2192.161,264544626755.8191,14967971355.94253,81.535,46868765847.09739,2905031891.801938,71004.0,73721.0,70522.0,70757.0,2189.15,2322.45,2160.4,2192.16,82.48,86.17,81.41,81.53
75,1776384000000,75149.193,1503597305333.8933,44500754086.976234,2348.705,283412286692.5497,20472335141.626884,88.987,51190830617.59945,5451132606.154013,70651.0,75829.0,70627.0,75149.0,2189.6,2401.35,2178.19,2348.7,81.54,90.1,81.54,88.99
76,1776729600000,75874.546,1518784350281.418,48152404105.554855,2315.024,279392380110.18536,23156669964.6911,85.323,49102916734.76123,3570640461.2201595,75135.0,78240.0,73854.0,75875.0,2349.8,2462.81,2257.91,2315.02,89.05,90.46,83.17,85.32
77,1777075200000,77444.796,1550504073873.627,33584952477.909107,2315.512,279460269416.0835,13635648616.699389,86.217,49639088898.2636,2940983190.8937225,75885.0,79389.0,74935.0,77445.0,2316.25,2420.19,2292.92,2315.51,85.36,89.24,84.45,86.22
78,1777420800000,76345.225,1528431321586.3352,32683167166.924606,2288.045,276138338870.7167,12066840793.75513,84.072,48377375336.998795,2473418274.371276,77490.0,79400.0,75706.0,76345.0,2315.35,2398.26,2263.65,2289.17,86.21,88.01,83.05,84.03
79,1777766400000,78655.346,1574625317385.0962,18618912381.93079,2316.329,279471189560.5661,6497751064.097067,84.347,48591957857.3805,1601214585.0990963,76343.0,79005.0,75103.0,78655.0,2289.49,2344.02,2224.38,2316.33,84.05,85.46,81.57,84.35
80,1778112000000,81424.995,1630523861201.5588,41133090710.83387,2350.478,283646020806.41174,21825138299.97193,89.049,51321745365.61878,4768687980.24027,78666.0,82752.0,78095.0,81425.0,2316.46,2420.01,2299.38,2350.48,84.27,89.85,83.38,89.05
81,1778457600000,82145.656,1644787760960.26,28066045740.096794,2368.838,285963726467.4334,17501460235.16661,96.485,55729207857.615685,3359511540.6947412,81450.0,82348.0,79287.0,82146.0,2351.11,2379.14,2268.68,2368.84,89.12,96.78,87.69,96.49
82,1778803200000,81051.983,1623427124965.4011,44287881795.36913,2281.496,275345080771.5522,16314146159.781778,92.118,53275101113.6648,3192297912.1597953,82147.0,82147.0,78795.0,81052.0,2371.89,2371.89,2237.51,2281.5,96.43,98.26,89.87,92.12
83,1779148800000,76952.215,1541450290438.4524,43600665899.53078,2128.492,256878631052.22052,17747081554.3689,85.253,49339589998.38592,3104440612.273183,81118.0,81595.0,76055.0,76952.0,2285.1,2296.94,2081.33,2128.49,92.13,92.53,83.55,85.25
84,1779494400000,75482.524,1512164902010.444,30314018356.68882,2064.378,249169080012.44092,13157867768.68006,84.325,48737778204.09818,2638763540.612364,76928.0,78034.0,75419.0,75483.0,2128.13,2147.69,2060.7,2064.38,85.28,87.75,83.86,84.33
85,1779840000000,75824.063,1519006468647.7368,39159693387.273636,2070.834,249887411816.00323,14289357242.495832,83.608,48368858303.26961,2866045094.419205,75501.0,77881.0,74344.0,75822.0,2063.84,2141.81,2020.99,2071.8,84.33,86.95,81.73,83.66
86,1780185600000,73751.068,1477685075481.0342,18041892698.4912,2019.176,243678354050.8948,6649283564.115899,82.537,47738327422.02609,1395937476.2028797,75870.0,75958.0,72515.0,73751.0,2075.9,2091.68,1970.91,2019.18,83.82,84.57,80.13,82.54
87,1780531200000,64021.889,1282892747601.9075,47109696433.67548,1811.35,218603067989.72678,22903130202.65802,71.679,41463157995.670876,3868466422.2546325,73758.0,74110.0,64022.0,64022.0,2018.82,2032.86,1777.57,1811.35,82.56,83.15,71.05,71.68
88,1780876800000,63254.572,1266954887605.9854,37684637505.908424,1687.044,203483035194.4283,16509959473.19324,66.238,38396875748.623276,3190683766.4057837,64253.0,64641.0,59228.0,63255.0,1814.99,1814.99,1512.07,1687.04,71.54,71.87,60.4,66.24
89,1781222400000,63552.301,1273718877820.8484,30075017169.00082,1671.889,201775713182.1136,11763657711.167143,66.741,38714541347.92488,2806788024.1748133,63208.0,64156.0,60882.0,63552.0,1685.73,1712.73,1606.01,1671.89,66.36,67.92,62.38,66.74
90,1781568000000,66300.959,1328696238979.8499,33915183708.415253,1794.049,216492207073.0023,18208174941.63196,73.964,42870067431.05761,3083746856.375229,63504.0,67217.0,62805.0,66301.0,1669.74,1846.1,1651.01,1794.05,66.81,75.81,65.94,73.96
